0,Eric,Frick,efrick@test.com,111-222-3333,1/1/2000
1,Eric,Fricky,efrick@test.com,111-222-3333,1/1/2000
2,Test2,Person,test2@test.com,222-333-4444,1/1/2000
3,Test3,Person,test3@test.com,222-333-4444,1/1/2000
4,Test4,Person,test4@test.com,222-333-4444,1/1/2000
5,Test6,Person,test6@test.com,222-333-4444,1/1/2000
6,Test7,Person,test7@test.com,222-333-4444,1/1/2000
7,Test8,Person,test8@test.com,222-333-4444,1/1/2000
8,Test9,Person,test9@test.com,222-333-4444,1/1/2000
9,Test10,Person,test10@test.com,222-333-4444,1/1/2000
